id;source_name;category;author;title;short_description;url;url_to_image;published;content;likes
1;councilor;SCIENCE;fooey astride;who regarding quicken;pervert;https://grandiose-spy.org/;so;2024-04-30T17:35:25;topple pace paddock;28823
2;brr;POLITICS;exactly good;plunge um;likewise from;https://flamboyant-receptor.net;bewail;2024-04-30T16:08:58;realistic;1942
3;modernise;TECHNOLOGY;unfortunate;blah grouchy times;handy fiddle;https://weird-alloy.net;coaxingly yet jack;2024-05-01T14:32:07;since anxiously freak;18964
4;harry;FOOD;consequently ick;democratize flirt hope;smoothly oh aside;https://bustling-weather.biz;village shallow pounding;2024-05-01T08:21:29;or;19194
5;offensively prosecute wherever;WORLD;boycott commonly making;unused unruly voluntarily;if snorer math;https://meek-stall.net/;kid;2024-05-01T15:07:50;uniformity;3800
6;unpleasant;CLIMATE;less phooey;poised;when;https://worst-thunderstorm.net;cloak;2024-04-30T15:51:43;lip;20659
7;lance spiteful among;TECHNOLOGY;until crushing;polarize worth after;masculine;https://carefree-horseradish.biz/;afore;2024-05-01T12:47:49;what upbeat the;1686
8;joyously;HEADLINES;ew although bog;chop energetically woot;meh surfboard whoever;https://speedy-fat.name;drop;2024-05-01T11:52:09;fooey even;23699
9;bleach provided;NATIONAL;often deliberately joyfully;phew;crazy;https://angelic-dogwood.name;happily fooey illustrious;2024-04-30T15:45:24;succotash;7385
10;onto;HEALTH;meeting;ouch onto kiddingly;remnant rocket;https://precious-bake.biz;grounded;2024-05-01T02:28:28;wonderfully screwdriver;15384
